Workbook

Sheet Student_Data
A1: school | B1: sex | C1: age | D1: address | E1: famsize | F1: Pstatus | G1: Medu | H1: Fedu | I1: Mjob | J1: Fjob | K1: reason | L1: guardian | M1: traveltime | N1: studytime | O1: failures | P1: schoolsup | Q1: famsup | R1: paid | S1: activities | T1: nursery | U1: higher | V1: internet | W1: romantic | X1: famrel | Y1: freetime | Z1: goout | AA1: Dalc | AB1: Walc | AC1: health | AD1: absences | AE1: G1 | AF1: G2 | AG1: G3 | AH1: Result | AI1: GradeDrop | AJ1: FailureScore | AK1: AbsenceScore | AL1: StudyRisk | AM1: TrendRisk | AN1: RiskIndex | AO1: RiskCategory | AP1: ProjectedGrade | AQ1: ProjectedResult
A2: GP | B2: F | C2: 18 | D2: U | E2: GT3 | F2: A | G2: 4 | H2: 4 | I2: at_home | J2: teacher | K2: course | L2: mother | M2: 2 | N2: 2 | O2: 0 | P2: yes | Q2: no | R2: no | S2: no | T2: yes | U2: yes | V2: no | W2: no | X2: 4 | Y2: 3 | Z2: 4 | AA2: 1 | AB2: 1 | AC2: 3 | AD2: 4 | AE2: 0 | AF2: 11 | AG2: 11 | AH2: =IF(StudentData[[#This Row],[G3]]>=10,"Pass","Fail") -> Pass | AI2: =IF(StudentData[[#This Row],[G3]]<StudentData[[#This Row],[G2]],1,0) -> 0 | AJ2: =IF(StudentData[[#This Row],[failures]]>=2,100,IF(StudentData[[#This Row],[failures]]=1,60,0)) -> 0 | AK2: =IF(StudentData[[#This Row],[absences]]>15,80,IF(StudentData[[#This Row],[absences]]>10,50,0)) -> 0 | AL2: =IF(StudentData[[#This Row],[studytime]]=1,70,IF(StudentData[[#This Row],[studytime]]=2,40,0)) -> 40 | AM2: =IF(StudentData[[#This Row],[GradeDrop]]=1,50,0) -> 0 | AN2: =0.4*StudentData[[#This Row],[FailureScore]]+0.3*StudentData[[#This Row],[AbsenceScore]]+0.2*StudentData[[#This Row],[StudyRisk]]+0.1*StudentData[[#This Row],[TrendRisk]] -> 8 | AO2: =IF(StudentData[[#This Row],[RiskIndex]]<=30,"Low",IF(StudentData[[#This Row],[RiskIndex]]<=60,"Medium","High")) -> Low | AP2: =StudentData[[#This Row],[G3]]+('Intervention Simulator'!$C$2*1.5) -> 11 | AQ2: =IF(StudentData[[#This Row],[ProjectedGrade]]>=10,"Pass","Fail") -> Pass
A3: GP | B3: F | C3: 17 | D3: U | E3: GT3 | F3: T | G3: 1 | H3: 1 | I3: at_home | J3: other | K3: course | L3: father | M3: 1 | N3: 2 | O3: 0 | P3: no | Q3: yes | R3: no | S3: no | T3: no | U3: yes | V3: yes | W3: no | X3: 5 | Y3: 3 | Z3: 3 | AA3: 1 | AB3: 1 | AC3: 3 | AD3: 2 | AE3: 9 | AF3: 11 | AG3: 11 | AH3: =IF(StudentData[[#This Row],[G3]]>=10,"Pass","Fail") -> Pass | AI3: =IF(StudentData[[#This Row],[G3]]<StudentData[[#This Row],[G2]],1,0) -> 0 | AJ3: =IF(StudentData[[#This Row],[failures]]>=2,100,IF(StudentData[[#This Row],[failures]]=1,60,0)) -> 0 | AK3: =IF(StudentData[[#This Row],[absences]]>15,80,IF(StudentData[[#This Row],[absences]]>10,50,0)) -> 0 | AL3: =IF(StudentData[[#This Row],[studytime]]=1,70,IF(StudentData[[#This Row],[studytime]]=2,40,0)) -> 40 | AM3: =IF(StudentData[[#This Row],[GradeDrop]]=1,50,0) -> 0 | AN3: =0.4*StudentData[[#This Row],[FailureScore]]+0.3*StudentData[[#This Row],[AbsenceScore]]+0.2*StudentData[[#This Row],[StudyRisk]]+0.1*StudentData[[#This Row],[TrendRisk]] -> 8 | AO3: =IF(StudentData[[#This Row],[RiskIndex]]<=30,"Low",IF(StudentData[[#This Row],[RiskIndex]]<=60,"Medium","High")) -> Low | AP3: =StudentData[[#This Row],[G3]]+('Intervention Simulator'!$C$2*1.5) -> 11 | AQ3: =IF(StudentData[[#This Row],[ProjectedGrade]]>=10,"Pass","Fail") -> Pass
A4: GP | B4: F | C4: 15 | D4: U | E4: LE3 | F4: T | G4: 1 | H4: 1 | I4: at_home | J4: other | K4: other | L4: mother | M4: 1 | N4: 2 | O4: 0 | P4: yes | Q4: no | R4: no | S4: no | T4: yes | U4: yes | V4: yes | W4: no | X4: 4 | Y4: 3 | Z4: 2 | AA4: 2 | AB4: 3 | AC4: 3 | AD4: 6 | AE4: 12 | AF4: 13 | AG4: 12 | AH4: =IF(StudentData[[#This Row],[G3]]>=10,"Pass","Fail") -> Pass | AI4: =IF(StudentData[[#This Row],[G3]]<StudentData[[#This Row],[G2]],1,0) -> 1 | AJ4: =IF(StudentData[[#This Row],[failures]]>=2,100,IF(StudentData[[#This Row],[failures]]=1,60,0)) -> 0 | AK4: =IF(StudentData[[#This Row],[absences]]>15,80,IF(StudentData[[#This Row],[absences]]>10,50,0)) -> 0 | AL4: =IF(StudentData[[#This Row],[studytime]]=1,70,IF(StudentData[[#This Row],[studytime]]=2,40,0)) -> 40 | AM4: =IF(StudentData[[#This Row],[GradeDrop]]=1,50,0) -> 50 | AN4: =0.4*StudentData[[#This Row],[FailureScore]]+0.3*StudentData[[#This Row],[AbsenceScore]]+0.2*StudentData[[#This Row],[StudyRisk]]+0.1*StudentData[[#This Row],[TrendRisk]] -> 13 | AO4: =IF(StudentData[[#This Row],[RiskIndex]]<=30,"Low",IF(StudentData[[#This Row],[RiskIndex]]<=60,"Medium","High")) -> Low | AP4: =StudentData[[#This Row],[G3]]+('Intervention Simulator'!$C$2*1.5) -> 12 | AQ4: =IF(StudentData[[#This Row],[ProjectedGrade]]>=10,"Pass","Fail") -> Pass
A5: GP | B5: F | C5: 15 | D5: U | E5: GT3 | F5: T | G5: 4 | H5: 2 | I5: health | J5: services | K5: home | L5: mother | M5: 1 | N5: 3 | O5: 0 | P5: no | Q5: yes | R5: no | S5: yes | T5: yes | U5: yes | V5: yes | W5: yes | X5: 3 | Y5: 2 | Z5: 2 | AA5: 1 | AB5: 1 | AC5: 5 | AD5: 0 | AE5: 14 | AF5: 14 | AG5: 14 | AH5: =IF(StudentData[[#This Row],[G3]]>=10,"Pass","Fail") -> Pass | AI5: =IF(StudentData[[#This Row],[G3]]<StudentData[[#This Row],[G2]],1,0) -> 0 | AJ5: =IF(StudentData[[#This Row],[failures]]>=2,100,IF(StudentData[[#This Row],[failures]]=1,60,0)) -> 0 | AK5: =IF(StudentData[[#This Row],[absences]]>15,80,IF(StudentData[[#This Row],[absences]]>10,50,0)) -> 0 | AL5: =IF(StudentData[[#This Row],[studytime]]=1,70,IF(StudentData[[#This Row],[studytime]]=2,40,0)) -> 0 | AM5: =IF(StudentData[[#This Row],[GradeDrop]]=1,50,0) -> 0 | AN5: =0.4*StudentData[[#This Row],[FailureScore]]+0.3*StudentData[[#This Row],[AbsenceScore]]+0.2*StudentData[[#This Row],[StudyRisk]]+0.1*StudentData[[#This Row],[TrendRisk]] -> 0 | AO5: =IF(StudentData[[#This Row],[RiskIndex]]<=30,"Low",IF(StudentData[[#This Row],[RiskIndex]]<=60,"Medium","High")) -> Low | AP5: =StudentData[[#This Row],[G3]]+('Intervention Simulator'!$C$2*1.5) -> 14 | AQ5: =IF(StudentData[[#This Row],[ProjectedGrade]]>=10,"Pass","Fail") -> Pass
A6: GP | B6: F | C6: 16 | D6: U | E6: GT3 | F6: T | G6: 3 | H6: 3 | I6: other | J6: other | K6: home | L6: father | M6: 1 | N6: 2 | O6: 0 | P6: no | Q6: yes | R6: no | S6: no | T6: yes | U6: yes | V6: no | W6: no | X6: 4 | Y6: 3 | Z6: 2 | AA6: 1 | AB6: 2 | AC6: 5 | AD6: 0 | AE6: 11 | AF6: 13 | AG6: 13 | AH6: =IF(StudentData[[#This Row],[G3]]>=10,"Pass","Fail") -> Pass | AI6: =IF(StudentData[[#This Row],[G3]]<StudentData[[#This Row],[G2]],1,0) -> 0 | AJ6: =IF(StudentData[[#This Row],[failures]]>=2,100,IF(StudentData[[#This Row],[failures]]=1,60,0)) -> 0 | AK6: =IF(StudentData[[#This Row],[absences]]>15,80,IF(StudentData[[#This Row],[absences]]>10,50,0)) -> 0 | AL6: =IF(StudentData[[#This Row],[studytime]]=1,70,IF(StudentData[[#This Row],[studytime]]=2,40,0)) -> 40 | AM6: =IF(StudentData[[#This Row],[GradeDrop]]=1,50,0) -> 0 | AN6: =0.4*StudentData[[#This Row],[FailureScore]]+0.3*StudentData[[#This Row],[AbsenceScore]]+0.2*StudentData[[#This Row],[StudyRisk]]+0.1*StudentData[[#This Row],[TrendRisk]] -> 8 | AO6: =IF(StudentData[[#This Row],[RiskIndex]]<=30,"Low",IF(StudentData[[#This Row],[RiskIndex]]<=60,"Medium","High")) -> Low | AP6: =StudentData[[#This Row],[G3]]+('Intervention Simulator'!$C$2*1.5) -> 13 | AQ6: =IF(StudentData[[#This Row],[ProjectedGrade]]>=10,"Pass","Fail") -> Pass
A7: GP | B7: M | C7: 16 | D7: U | E7: LE3 | F7: T | G7: 4 | H7: 3 | I7: services | J7: other | K7: reputation | L7: mother | M7: 1 | N7: 2 | O7: 0 | P7: no | Q7: yes | R7: no | S7: yes | T7: yes | U7: yes | V7: yes | W7: no | X7: 5 | Y7: 4 | Z7: 2 | AA7: 1 | AB7: 2 | AC7: 5 | AD7: 6 | AE7: 12 | AF7: 12 | AG7: 13 | AH7: =IF(StudentData[[#This Row],[G3]]>=10,"Pass","Fail") -> Pass | AI7: =IF(StudentData[[#This Row],[G3]]<StudentData[[#This Row],[G2]],1,0) -> 0 | AJ7: =IF(StudentData[[#This Row],[failures]]>=2,100,IF(StudentData[[#This Row],[failures]]=1,60,0)) -> 0 | AK7: =IF(StudentData[[#This Row],[absences]]>15,80,IF(StudentData[[#This Row],[absences]]>10,50,0)) -> 0 | AL7: =IF(StudentData[[#This Row],[studytime]]=1,70,IF(StudentData[[#This Row],[studytime]]=2,40,0)) -> 40 | AM7: =IF(StudentData[[#This Row],[GradeDrop]]=1,50,0) -> 0 | AN7: =0.4*StudentData[[#This Row],[FailureScore]]+0.3*StudentData[[#This Row],[AbsenceScore]]+0.2*StudentData[[#This Row],[StudyRisk]]+0.1*StudentData[[#This Row],[TrendRisk]] -> 8 | AO7: =IF(StudentData[[#This Row],[RiskIndex]]<=30,"Low",IF(StudentData[[#This Row],[RiskIndex]]<=60,"Medium","High")) -> Low | AP7: =StudentData[[#This Row],[G3]]+('Intervention Simulator'!$C$2*1.5) -> 13 | AQ7: =IF(StudentData[[#This Row],[ProjectedGrade]]>=10,"Pass","Fail") -> Pass
A8: GP | B8: M | C8: 16 | D8: U | E8: LE3 | F8: T | G8: 2 | H8: 2 | I8: other | J8: other | K8: home | L8: mother | M8: 1 | N8: 2 | O8: 0 | P8: no | Q8: no | R8: no | S8: no | T8: yes | U8: yes | V8: yes | W8: no | X8: 4 | Y8: 4 | Z8: 4 | AA8: 1 | AB8: 1 | AC8: 3 | AD8: 0 | AE8: 13 | AF8: 12 | AG8: 13 | AH8: =IF(StudentData[[#This Row],[G3]]>=10,"Pass","Fail") -> Pass | AI8: =IF(StudentData[[#This Row],[G3]]<StudentData[[#This Row],[G2]],1,0) -> 0 | AJ8: =IF(StudentData[[#This Row],[failures]]>=2,100,IF(StudentData[[#This Row],[failures]]=1,60,0)) -> 0 | AK8: =IF(StudentData[[#This Row],[absences]]>15,80,IF(StudentData[[#This Row],[absences]]>10,50,0)) -> 0 | AL8: =IF(StudentData[[#This Row],[studytime]]=1,70,IF(StudentData[[#This Row],[studytime]]=2,40,0)) -> 40 | AM8: =IF(StudentData[[#This Row],[GradeDrop]]=1,50,0) -> 0 | AN8: =0.4*StudentData[[#This Row],[FailureScore]]+0.3*StudentData[[#This Row],[AbsenceScore]]+0.2*StudentData[[#This Row],[StudyRisk]]+0.1*StudentData[[#This Row],[TrendRisk]] -> 8 | AO8: =IF(StudentData[[#This Row],[RiskIndex]]<=30,"Low",IF(StudentData[[#This Row],[RiskIndex]]<=60,"Medium","High")) -> Low | AP8: =StudentData[[#This Row],[G3]]+('Intervention Simulator'!$C$2*1.5) -> 13 | AQ8: =IF(StudentData[[#This Row],[ProjectedGrade]]>=10,"Pass","Fail") -> Pass
A9: GP | B9: F | C9: 17 | D9: U | E9: GT3 | F9: A | G9: 4 | H9: 4 | I9: other | J9: teacher | K9: home | L9: mother | M9: 2 | N9: 2 | O9: 0 | P9: yes | Q9: yes | R9: no | S9: no | T9: yes | U9: yes | V9: no | W9: no | X9: 4 | Y9: 1 | Z9: 4 | AA9: 1 | AB9: 1 | AC9: 1 | AD9: 2 | AE9: 10 | AF9: 13 | AG9: 13 | AH9: =IF(StudentData[[#This Row],[G3]]>=10,"Pass","Fail") -> Pass | AI9: =IF(StudentData[[#This Row],[G3]]<StudentData[[#This Row],[G2]],1,0) -> 0 | AJ9: =IF(StudentData[[#This Row],[failures]]>=2,100,IF(StudentData[[#This Row],[failures]]=1,60,0)) -> 0 | AK9: =IF(StudentData[[#This Row],[absences]]>15,80,IF(StudentData[[#This Row],[absences]]>10,50,0)) -> 0 | AL9: =IF(StudentData[[#This Row],[studytime]]=1,70,IF(StudentData[[#This Row],[studytime]]=2,40,0)) -> 40 | AM9: =IF(StudentData[[#This Row],[GradeDrop]]=1,50,0) -> 0 | AN9: =0.4*StudentData[[#This Row],[FailureScore]]+0.3*StudentData[[#This Row],[AbsenceScore]]+0.2*StudentData[[#This Row],[StudyRisk]]+0.1*StudentData[[#This Row],[TrendRisk]] -> 8 | AO9: =IF(StudentData[[#This Row],[RiskIndex]]<=30,"Low",IF(StudentData[[#This Row],[RiskIndex]]<=60,"Medium","High")) -> Low | AP9: =StudentData[[#This Row],[G3]]+('Intervention Simulator'!$C$2*1.5) -> 13 | AQ9: =IF(StudentData[[#This Row],[ProjectedGrade]]>=10,"Pass","Fail") -> Pass
A10: GP | B10: M | C10: 15 | D10: U | E10: LE3 | F10: A | G10: 3 | H10: 2 | I10: services | J10: other | K10: home | L10: mother | M10: 1 | N10: 2 | O10: 0 | P10: no | Q10: yes | R10: no | S10: no | T10: yes | U10: yes | V10: yes | W10: no | X10: 4 | Y10: 2 | Z10: 2 | AA10: 1 | AB10: 1 | AC10: 1 | AD10: 0 | AE10: 15 | AF10: 16 | AG10: 17 | AH10: =IF(StudentData[[#This Row],[G3]]>=10,"Pass","Fail") -> Pass | AI10: =IF(StudentData[[#This Row],[G3]]<StudentData[[#This Row],[G2]],1,0) -> 0 | AJ10: =IF(StudentData[[#This Row],[failures]]>=2,100,IF(StudentData[[#This Row],[failures]]=1,60,0)) -> 0 | AK10: =IF(StudentData[[#This Row],[absences]]>15,80,IF(StudentData[[#This Row],[absences]]>10,50,0)) -> 0 | AL10: =IF(StudentData[[#This Row],[studytime]]=1,70,IF(StudentData[[#This Row],[studytime]]=2,40,0)) -> 40 | AM10: =IF(StudentData[[#This Row],[GradeDrop]]=1,50,0) -> 0 | AN10: =0.4*StudentData[[#This Row],[FailureScore]]+0.3*StudentData[[#This Row],[AbsenceScore]]+0.2*StudentData[[#This Row],[StudyRisk]]+0.1*StudentData[[#This Row],[TrendRisk]] -> 8 | AO10: =IF(StudentData[[#This Row],[RiskIndex]]<=30,"Low",IF(StudentData[[#This Row],[RiskIndex]]<=60,"Medium","High")) -> Low | AP10: =StudentData[[#This Row],[G3]]+('Intervention Simulator'!$C$2*1.5) -> 17 | AQ10: =IF(StudentData[[#This Row],[ProjectedGrade]]>=10,"Pass","Fail") -> Pass
A11: GP | B11: M | C11: 15 | D11: U | E11: GT3 | F11: T | G11: 3 | H11: 4 | I11: other | J11: other | K11: home | L11: mother | M11: 1 | N11: 2 | O11: 0 | P11: no | Q11: yes | R11: no | S11: yes | T11: yes | U11: yes | V11: yes | W11: no | X11: 5 | Y11: 5 | Z11: 1 | AA11: 1 | AB11: 1 | AC11: 5 | AD11: 0 | AE11: 12 | AF11: 12 | AG11: 13 | AH11: =IF(StudentData[[#This Row],[G3]]>=10,"Pass","Fail") -> Pass | AI11: =IF(StudentData[[#This Row],[G3]]<StudentData[[#This Row],[G2]],1,0) -> 0 | AJ11: =IF(StudentData[[#This Row],[failures]]>=2,100,IF(StudentData[[#This Row],[failures]]=1,60,0)) -> 0 | AK11: =IF(StudentData[[#This Row],[absences]]>15,80,IF(StudentData[[#This Row],[absences]]>10,50,0)) -> 0 | AL11: =IF(StudentData[[#This Row],[studytime]]=1,70,IF(StudentData[[#This Row],[studytime]]=2,40,0)) -> 40 | AM11: =IF(StudentData[[#This Row],[GradeDrop]]=1,50,0) -> 0 | AN11: =0.4*StudentData[[#This Row],[FailureScore]]+0.3*StudentData[[#This Row],[AbsenceScore]]+0.2*StudentData[[#This Row],[StudyRisk]]+0.1*StudentData[[#This Row],[TrendRisk]] -> 8 | AO11: =IF(StudentData[[#This Row],[RiskIndex]]<=30,"Low",IF(StudentData[[#This Row],[RiskIndex]]<=60,"Medium","High")) -> Low | AP11: =StudentData[[#This Row],[G3]]+('Intervention Simulator'!$C$2*1.5) -> 13 | AQ11: =IF(StudentData[[#This Row],[ProjectedGrade]]>=10,"Pass","Fail") -> Pass
A12: GP | B12: F | C12: 15 | D12: U | E12: GT3 | F12: T | G12: 4 | H12: 4 | I12: teacher | J12: health | K12: reputation | L12: mother | M12: 1 | N12: 2 | O12: 0 | P12: no | Q12: yes | R12: no | S12: no | T12: yes | U12: yes | V12: yes | W12: no | X12: 3 | Y12: 3 | Z12: 3 | AA12: 1 | AB12: 2 | AC12: 2 | AD12: 2 | AE12: 14 | AF12: 14 | AG12: 14 | AH12: =IF(StudentData[[#This Row],[G3]]>=10,"Pass","Fail") -> Pass | AI12: =IF(StudentData[[#This Row],[G3]]<StudentData[[#This Row],[G2]],1,0) -> 0 | AJ12: =IF(StudentData[[#This Row],[failures]]>=2,100,IF(StudentData[[#This Row],[failures]]=1,60,0)) -> 0 | AK12: =IF(StudentData[[#This Row],[absences]]>15,80,IF(StudentData[[#This Row],[absences]]>10,50,0)) -> 0 | AL12: =IF(StudentData[[#This Row],[studytime]]=1,70,IF(StudentData[[#This Row],[studytime]]=2,40,0)) -> 40 | AM12: =IF(StudentData[[#This Row],[GradeDrop]]=1,50,0) -> 0 | AN12: =0.4*StudentData[[#This Row],[FailureScore]]+0.3*StudentData[[#This Row],[AbsenceScore]]+0.2*StudentData[[#This Row],[StudyRisk]]+0.1*StudentData[[#This Row],[TrendRisk]] -> 8 | AO12: =IF(StudentData[[#This Row],[RiskIndex]]<=30,"Low",IF(StudentData[[#This Row],[RiskIndex]]<=60,"Medium","High")) -> Low | AP12: =StudentData[[#This Row],[G3]]+('Intervention Simulator'!$C$2*1.5) -> 14 | AQ12: =IF(StudentData[[#This Row],[ProjectedGrade]]>=10,"Pass","Fail") -> Pass
A13: GP | B13: F | C13: 15 | D13: U | E13: GT3 | F13: T | G13: 2 | H13: 1 | I13: services | J13: other | K13: reputation | L13: father | M13: 3 | N13: 3 | O13: 0 | P13: no | Q13: yes | R13: no | S13: yes | T13: yes | U13: yes | V13: yes | W13: no | X13: 5 | Y13: 2 | Z13: 2 | AA13: 1 | AB13: 1 | AC13: 4 | AD13: 0 | AE13: 10 | AF13: 12 | AG13: 13 | AH13: =IF(StudentData[[#This Row],[G3]]>=10,"Pass","Fail") -> Pass | AI13: =IF(StudentData[[#This Row],[G3]]<StudentData[[#This Row],[G2]],1,0) -> 0 | AJ13: =IF(StudentData[[#This Row],[failures]]>=2,100,IF(StudentData[[#This Row],[failures]]=1,60,0)) -> 0 | AK13: =IF(StudentData[[#This Row],[absences]]>15,80,IF(StudentData[[#This Row],[absences]]>10,50,0)) -> 0 | AL13: =IF(StudentData[[#This Row],[studytime]]=1,70,IF(StudentData[[#This Row],[studytime]]=2,40,0)) -> 0 | AM13: =IF(StudentData[[#This Row],[GradeDrop]]=1,50,0) -> 0 | AN13: =0.4*StudentData[[#This Row],[FailureScore]]+0.3*StudentData[[#This Row],[AbsenceScore]]+0.2*StudentData[[#This Row],[StudyRisk]]+0.1*StudentData[[#This Row],[TrendRisk]] -> 0 | AO13: =IF(StudentData[[#This Row],[RiskIndex]]<=30,"Low",IF(StudentData[[#This Row],[RiskIndex]]<=60,"Medium","High")) -> Low | AP13: =StudentData[[#This Row],[G3]]+('Intervention Simulator'!$C$2*1.5) -> 13 | AQ13: =IF(StudentData[[#This Row],[ProjectedGrade]]>=10,"Pass","Fail") -> Pass
... A650: MS | B650: M | C650: 18 | D650: R | E650: LE3 | F650: T | G650: 3 | H650: 2 | I650: services | J650: other | K650: course | L650: mother | M650: 3 | N650: 1 | O650: 0 | P650: no | Q650: no | R650: no | S650: no | T650: no | U650: yes | V650: yes | W650: no | X650: 4 | Y650: 4 | Z650: 1 | AA650: 3 | AB650: 4 | AC650: 5 | AD650: 4 | AE650: 10 | AF650: 11 | AG650: 11 | AH650: =IF(StudentData[[#This Row],[G3]]>=10,"Pass","Fail") -> Pass | AI650: =IF(StudentData[[#This Row],[G3]]<StudentData[[#This Row],[G2]],1,0) -> 0 | AJ650: =IF(StudentData[[#This Row],[failures]]>=2,100,IF(StudentData[[#This Row],[failures]]=1,60,0)) -> 0 | AK650: =IF(StudentData[[#This Row],[absences]]>15,80,IF(StudentData[[#This Row],[absences]]>10,50,0)) -> 0 | AL650: =IF(StudentData[[#This Row],[studytime]]=1,70,IF(StudentData[[#This Row],[studytime]]=2,40,0)) -> 70 | AM650: =IF(StudentData[[#This Row],[GradeDrop]]=1,50,0) -> 0 | AN650: =0.4*StudentData[[#This Row],[FailureScore]]+0.3*StudentData[[#This Row],[AbsenceScore]]+0.2*StudentData[[#This Row],[StudyRisk]]+0.1*StudentData[[#This Row],[TrendRisk]] -> 14 | AO650: =IF(StudentData[[#This Row],[RiskIndex]]<=30,"Low",IF(StudentData[[#This Row],[RiskIndex]]<=60,"Medium","High")) -> Low | AP650: =StudentData[[#This Row],[G3]]+('Intervention Simulator'!$C$2*1.5) -> 11 | AQ650: =IF(StudentData[[#This Row],[ProjectedGrade]]>=10,"Pass","Fail") -> Pass

Sheet Academic_Overview
A2: Total Students | G2: Average Final Grade | M2: Fail Rate
A3: =COUNTA(Student_Data!AG:AG) -> 650 | G3: =AVERAGE(Student_Data!AG:AG) -> 11.906009 | M3: =COUNTIF(Student_Data!AH:AH,"Fail")/COUNTA(Student_Data!AG:AG) -> 0.15384615
A6: Result | B6: Count
A7: Pass | B7: =COUNTIF(Student_Data!AH:AH,"Pass") -> 549
A8: Fail | B8: =COUNTIF(Student_Data!AH:AH,"Fail") -> 100
A11: Exam | B11: Average
A12: G1 | B12: =AVERAGE(Student_Data!AE:AE) -> 11.399076
A13: G2 | B13: =AVERAGE(Student_Data!AF:AF) -> 11.570108
A14: G3 | B14: =AVERAGE(Student_Data!AG:AG) -> 11.906009
A17: Grade Range | B17: Count
A18: 0 to 5 | B18: =COUNTIFS(Student_Data!AG:AG,">=0",Student_Data!AG:AG,"<=5") -> 17
A19: 6 to 9 | B19: =COUNTIFS(Student_Data!AG:AG,">=6",Student_Data!AG:AG,"<=9") -> 83
A20: 10 to 14 | B20: =COUNTIFS(Student_Data!AG:AG,">=10",Student_Data!AG:AG,"<=14") -> 418
A21: 15 to 20 | B21: =COUNTIFS(Student_Data!AG:AG,">=15",Student_Data!AG:AG,"<=20") -> 131

Sheet Risk Factor
D1: RISK FACTOR ANALYSIS DASHBOARD
A5: Factor | B5: Correlation with G3
A6: Absences | B6: =CORREL(Student_Data!AD:AD,Student_Data!AG:AG) -> -0.091379056
A7: Study Time | B7: =CORREL(Student_Data!N:N,Student_Data!AG:AG) -> 0.24978869
A8: Failures | B8: =CORREL(Student_Data!O:O,Student_Data!AG:AG) -> -0.39331555

Sheet Performance Risk Index
B2: Risk Index=40% Past Failures + 30% Absences + 20% Study Time Risk + 10% Grade Trend Drop
B5: Row Labels | C5: Count of RiskCategory | M5: Count High Risk
B6: High | C6: 6 | M6: =COUNTIF(StudentData[RiskCategory],"High") -> 6
B7: Low | C7: 539
B8: Medium | C8: 104
B9: Grand Total | C9: 649 | M9: High Risk %
M10: =COUNTIF(StudentData[RiskCategory],"High"/COUNTA(StudentData[G3])) -> 0
B12: High Risk Student List | C12: Average of RiskIndex
B13: High | C13: 66.833333
B14: 5 | C14: 74
B15: 8 | C15: 62
B16: 10 | C16: 70.5
B17: 11 | C17: 62
B18: 16 | C18: 62
B19: Grand Total | C19: 66.833333

Sheet Intervention Simulator
B1: LIVE SIMULATOR
B2: Increase Study Time Level | C2: 0 | F2: Failure Rate Comparison Chart
B5: Current Fail Rate | C5: =COUNTIF(Student_Data!AH:AH,"Fail")/COUNTA(Student_Data!AG:AG) -> 0.15384615
B6: Projected Fail Rate | C6: =COUNTIF(Student_Data!AQ:AQ,"Fail")/COUNTA(Student_Data!AG:AG) -> 0.15384615 | F6: Metric | G6: Rate
F7: Current | G7: =C5 -> 0.15384615
B8: Target Fail Rate(20% Reduction) | C8: =C5*0.8 -> 0.12307692 | F8: Projected | G8: =C6 -> 0.15384615
F9: Target | G9: =C8 -> 0.12307692
B10: Cost Analysis Section
B12: High Risk Students | C12: =COUNTIF(Student_Data!AO:AO,"High") -> 6
B13: Cost per Student | C13: 3000
B14: Total Mentoring Cost | C14: =C12*C13 -> 18000
B16: Students recovered | C16: =COUNTIF(Student_Data!AH:AH,"Fail")-COUNTIF(Student_Data!AQ:AQ,"Fail") -> 0
B17: Cost per student improved | C17: =IF(C16=0,"No improvement yet",C14/C16) -> No improvement yet

Sheet Ethics & Safeguards
B2: Ethics & Safeguards Framework
B5: 1. Labelling Transparency
B6: • Risk Index is based on academic indicators only.
B7: • Risk classification does NOT guarantee failure.
B8: • Students are categorized to provide support, not punishment.
B9: • Risk labels are dynamic and updated with new data.
B10: • The system supports early intervention, not discrimination.
B12: 2. Student Data Privacy Policy
B13: • No student names are publicly displayed in dashboards.
B14: • Data is accessible only to authorized academic advisors.
B15: • Sensitive personal data is not included in risk calculation.
B16: • Data storage follows institutional data protection guidelines.
... B23: • Students have the right to academic counseling.
